/*Festival name, coutnry, start-up year*/
INSERT INTO Festivals VALUES ('Cannes Film Festival', 'France', '1938');
INSERT INTO Festivals VALUES ('Berlin Film Festival', 'Germany', '1951');
INSERT INTO Festivals VALUES ('Venice Film Festival', 'Italy', '1932');

#INSERT INTO Festivals VALUES ('Oscar Film Festival', 'France', '1929');


/*Festival name, category, Award name*/
INSERT INTO Awards VALUES ('Cannes Film Festival', 'Best movie', 'Palme d''Or');
INSERT INTO Awards VALUES ('Cannes Film Festival', 'Best director', 'Prix de la mise en scène');
INSERT INTO Awards VALUES ('Cannes Film Festival', 'Best actress', 'Prix d''interprétation féminine');
INSERT INTO Awards VALUES ('Berlin Film Festival', 'Best movie', 'Golden bear');
INSERT INTO Awards VALUES ('Berlin Film Festival', 'Best director', 'Silver Bear for Best Director');
INSERT INTO Awards VALUES ('Berlin Film Festival', 'Best actress', 'Silver Bear for Best Leading Performance');
INSERT INTO Awards VALUES ('Venice Film Festival', 'Best movie', 'Leone d''Oro');
INSERT INTO Awards VALUES ('Venice Film Festival', 'Best director', 'Leone d''Argento');
INSERT INTO Awards VALUES ('Venice Film Festival', 'Best actress', 'Volpi Cup for Best Actress');

/*Festival name, year, best movie, best directro, best director's country, best Actress, best Actress birthday*/
INSERT INTO Winners VALUES ('Cannes Film Festival', '2010', 'Uncle Boonmee Who Can Recall His Past Lives',     'Mathieu Amalric', 'France', 'Juliette Binoche', '1964-03-09');
INSERT INTO Winners VALUES ('Cannes Film Festival', '2011', 'The Tree of Life',                                'Nicolas Winding Refn', 'Denmark', 'Kirsten Dunst', '1982-04-30');
INSERT INTO Winners VALUES ('Cannes Film Festival', '2012',                                                     'Amour','Carlos Reygadas', 'Mexico', 'Cristina Flutur', '1978-01-01');
INSERT INTO Winners VALUES ('Cannes Film Festival', '2013', 'Blue is the Warmest Colour',                      'Amat Escalante', 'Spain', 'Bérénice Bejo', '1976-07-07');
INSERT INTO Winners VALUES ('Cannes Film Festival', '2014', 'Winter Sleep',                                    'Bennett Miller', 'United States', 'Julianne Moore', '1961-12-03');
INSERT INTO Winners VALUES ('Berlin Film Festival', '2010', 'Honey',                                           'Roman Polanski', 'France', 'Shinobu Terajima', '1973-12-28');
INSERT INTO Winners VALUES ('Berlin Film Festival', '2011', 'A Separation',                                    'Ulrich Köhler', 'Germany', 'Leila Hatami', '1972-10-01');
INSERT INTO Winners VALUES ('Berlin Film Festival', '2012', 'Ceasar Must Die',                                 'Christian Petzold', 'Germany', 'Rachel Mwanza', '1997-01-01');
INSERT INTO Winners VALUES ('Berlin Film Festival', '2013', 'Child''s Pose',                                   'David Gordon Green', 'United States', 'Paulina García', '1961-11-27');
INSERT INTO Winners VALUES ('Berlin Film Festival', '2014', 'Black Coal, Thin Ice',                            'Richard Linklater', 'United States', 'Haru Kuroki', '1990-03-14');
INSERT INTO Winners VALUES ('Venice Film Festival', '2010', 'Somewhere',                                       'Álex de la Iglesia', 'Spain', 'Ariane Labed', '1984-05-08');
INSERT INTO Winners VALUES ('Venice Film Festival', '2011', 'Faust',                                           'Cai Shangjun', 'China', 'Deanie Ip', '1947-12-25');
INSERT INTO Winners VALUES ('Venice Film Festival', '2012', 'Pietà',                                           'Paul Thomas Anderson', 'United States', 'Hadas Yaron', '1990-09-21');
INSERT INTO Winners VALUES ('Venice Film Festival', '2013', 'Sacro GRA',                                       'Alexandros Avranas', 'Greece', 'Elena Cotta', '1931-08-19');
INSERT INTO Winners VALUES ('Venice Film Festival', '2014', 'A Pigeon Sat on a Branch Reflecting on Existence','Andrei Konchalovsky', 'Russia', 'Alba Rohrwacher', '1979-02-27');

